{
	"partitions" : [
		{
			"name" : "Top",
			"pins" : [
				{
					"name" : "Out[0]",
					"strict" : false
				},
				{
					"name" : "Out[1]",
					"strict" : false
				},
				{
					"name" : "Out[2]",
					"strict" : false
				},
				{
					"name" : "Out[3]",
					"strict" : false
				},
				{
					"name" : "Out[4]",
					"strict" : false
				},
				{
					"name" : "Out[5]",
					"strict" : false
				},
				{
					"name" : "Out[6]",
					"strict" : false
				},
				{
					"name" : "Out[7]",
					"strict" : false
				},
				{
					"name" : "Zero",
					"strict" : false
				},
				{
					"name" : "C_Out",
					"strict" : false
				},
				{
					"name" : "Overflow",
					"strict" : false
				},
				{
					"name" : "Negative",
					"strict" : false
				},
				{
					"name" : "S[0]",
					"strict" : false
				},
				{
					"name" : "B[0]",
					"strict" : false
				},
				{
					"name" : "A[0]",
					"strict" : false
				},
				{
					"name" : "S[1]",
					"strict" : false
				},
				{
					"name" : "S[2]",
					"strict" : false
				},
				{
					"name" : "B[1]",
					"strict" : false
				},
				{
					"name" : "A[1]",
					"strict" : false
				},
				{
					"name" : "B[2]",
					"strict" : false
				},
				{
					"name" : "A[2]",
					"strict" : false
				},
				{
					"name" : "B[3]",
					"strict" : false
				},
				{
					"name" : "A[3]",
					"strict" : false
				},
				{
					"name" : "B[4]",
					"strict" : false
				},
				{
					"name" : "A[4]",
					"strict" : false
				},
				{
					"name" : "B[5]",
					"strict" : false
				},
				{
					"name" : "A[5]",
					"strict" : false
				},
				{
					"name" : "B[6]",
					"strict" : false
				},
				{
					"name" : "A[6]",
					"strict" : false
				},
				{
					"name" : "B[7]",
					"strict" : false
				},
				{
					"name" : "A[7]",
					"strict" : false
				}
			]
		}
	]
}